{"cameraMode":{"drawMode":0,"name":"Shaded","section":"Shading Mode"},"sceneLighting":false,"audioPlay":false,"sceneViewState":{"showFog":true,"showMaterialUpdate":true,"showSkybox":true,"showFlares":true,"showImageEffects":true,"showParticleSystems":true},"in2DMode":false,"pivot":{"x":-240.15538024902345,"y":37.06417465209961,"z":-3.5651111602783205},"rotation":{"x":-0.09776870161294937,"y":0.640431821346283,"z":-0.08269155770540238,"w":-0.7572651505470276},"size":42.96446228027344,"orthographic":false}